filename,width,height,class,xmin,ymin,xmax,ymax
8P--5-_jpg.rf.c6efd433926f9ef1aaabe3c9a8eabca0.jpg,416,416,8,46,107,363,289
46--9-_jpg.rf.d279adafb2565a438923a703d610c40b.jpg,416,416,6,97,117,309,333
6k--30-_jpg.rf.dacaf850ce436e046869462d1f5025a3.jpg,416,416,6,97,124,312,307
9P--80-_jpg.rf.ce90a4a884cf22fea1654c863f9cf334.jpg,416,416,9,51,58,364,360
7k--306-_jpg.rf.d16e9fb8e8f23e04b0247cebc74cc45f.jpg,416,416,7,58,76,309,284
9P--30-_jpg.rf.ca5b3efbcda89aff0949e2617381b402.jpg,416,416,9,110,40,358,396
42--10-_jpg.rf.d5d03c41dd1dd88c47ccd47eeec977a8.jpg,416,416,6,62,116,340,295
8P--9-_jpg.rf.c73dc457e1d31ff93fb877465beae209.jpg,416,416,8,57,114,392,309
9P--8-_jpg.rf.cf8ca0f3fab29ddf3ad3ee7dde4ddc92.jpg,416,416,9,86,69,374,380
410--1-_jpg.rf.d4179b896bc1bc90c69737c48a593c76.jpg,416,416,6,74,103,297,265
28--4-_jpg.rf.cf4f6092ea1fadffae8c819416792d18.jpg,416,416,7,97,111,343,313
6k--96-_jpg.rf.cfe459dde845d7220280a81ee56eca00.jpg,416,416,6,66,77,340,295
7k--289-_jpg.rf.d368487eefa01a86dfe378924e50a2ec.jpg,416,416,7,134,80,328,407
55--6-_jpg.rf.c805c729856003472f6249691eacdfe6.jpg,416,416,7,84,97,367,359
58--1-_jpg.rf.d34b12c372326775215ca26f7efc2fa9.jpg,416,416,7,42,126,348,354
8P--62-_jpg.rf.c9b039e180ac574322f80b411c4954f5.jpg,416,416,8,131,111,393,387
7k--13-_jpg.rf.d93c62bcd5787477936852ccf1901e72.jpg,416,416,7,94,69,325,342
9P--53-_jpg.rf.d263299c36f6cb87fff54b8a90109efd.jpg,416,416,9,103,20,346,407
8P--50-_jpg.rf.d7bd4c834ff83a0db1cafe87902289e6.jpg,416,416,8,64,110,350,306
8P--56-_jpg.rf.c6130dfa32910a16a094ee6ccb887d0a.jpg,416,416,8,96,98,321,312
9P--50-_jpg.rf.cff7c12fa19ff82ee7e1ef7f7103177e.jpg,416,416,9,75,124,298,326
8P--60-_jpg.rf.ca5608c7a357db75cfa073b8a0b7405d.jpg,416,416,8,130,99,338,352
8P--51-_jpg.rf.d4ad7b7b6edd48f2e794bd1b7b498a46.jpg,416,416,8,50,93,400,300
8P--57-_jpg.rf.c72cf360817d59a44b49902b1cc539e8.jpg,416,416,8,138,79,354,336
6k--14-_jpg.rf.d6ebe110ed690f2642affc63539219b8.jpg,416,416,6,91,101,342,297
9P--18-_jpg.rf.dce96bf8dfc00e6442f5a0527b664341.jpg,416,416,9,63,118,390,333
55--7-_jpg.rf.def9a4dc84f3b344c1e067472232edd9.jpg,416,416,7,62,96,343,328
7k--161-_jpg.rf.de8a624260867a389289730373c07860.jpg,416,416,7,134,74,373,346
55--9-_jpg.rf.db27edaf6fbdd89649fac537867fafa1.jpg,416,416,7,98,59,345,325
8P--71-_jpg.rf.dd14fddaa39e58ed28e85f1b438d28c3.jpg,416,416,8,43,42,401,286
610--6-_jpg.rf.e02ce56354cdb328a67e304ec1b4ddc4.jpg,416,416,7,136,74,336,225
8P--79-_jpg.rf.df86fcb601a52422c4ab72c7626cf496.jpg,416,416,8,36,111,381,336
7k--225-_jpg.rf.e03b4fb48f5408e8e24cdc436503ba6c.jpg,416,416,7,71,114,311,313
8P--74-_jpg.rf.e0cecf41177157980c95028abc480a05.jpg,416,416,8,60,49,378,263
6k--92-_jpg.rf.e094b9642f4c2769d74fbff0b1a9fd13.jpg,416,416,6,60,71,319,384
9P--19-_jpg.rf.e465c368d21ad569ba4784acb7f3ee57.jpg,416,416,9,78,103,358,398
7k--228-_jpg.rf.e6f02be6cded060af1b3a3eec6fff4aa.jpg,416,416,7,153,125,344,349
9P--47-_jpg.rf.e1bcd2859109ef5c7f6efac3dc8003b2.jpg,416,416,9,120,79,334,341
9P--77-_jpg.rf.e0ef0a786ff3c9b05bc69c4f7e506804.jpg,416,416,9,15,83,399,349
6k--16-_jpg.rf.e7b76868923521c15ceb460e4dec641d.jpg,416,416,6,84,124,343,319
42--4-_jpg.rf.e2fc1613ba41526feddacce54d42808e.jpg,416,416,6,57,109,338,341
28--10-_jpg.rf.e35a7d7e1a4c6827e89150716d22bd09.jpg,416,416,7,133,62,333,342
7k--310-_jpg.rf.e551d6cf75f84f1461f532c3c2aac7af.jpg,416,416,7,90,103,333,285
44--1-_jpg.rf.e7b0bed97f24594d96a113e9d71f94f7.jpg,416,416,6,81,91,312,334
69--10-_jpg.rf.ec2757dd1f19cc88631c9fa616fac2ff.jpg,416,416,6,131,128,333,332
9P--39-_jpg.rf.e93fb456ca8e444bc92f8bc8bc216602.jpg,416,416,9,41,88,363,357
8P--14-_jpg.rf.e1610e9c82a0e911c60272fe3e114d86.jpg,416,416,8,149,96,352,353
44--2-_jpg.rf.ea3ad5bd678bea97dec74c4da19699d9.jpg,416,416,6,107,109,346,344
8P--59-_jpg.rf.eb781ea151c89ba0ebe0d720ba3d67c6.jpg,416,416,8,122,93,374,340
9P--55-_jpg.rf.ec64170ab3c4f3ec9215cd4939dbc587.jpg,416,416,9,66,36,353,375
49--1-_jpg.rf.eff824353008b9766ef852897a132c67.jpg,416,416,7,118,61,322,346
8P--55-_jpg.rf.ee70bc17fbd36abcfeea50f1be50dc5a.jpg,416,416,8,79,72,335,381
8P--16-_jpg.rf.ee0704a4dea1ab2122bdafa15efdbbfa.jpg,416,416,8,73,73,306,353
8P--44-_jpg.rf.f1f228baaf92dd3a2c6e96d2217355a0.jpg,416,416,8,48,124,346,305
8P--43-_jpg.rf.f1fdfe0df3d1d0a4630725535e1f5faa.jpg,416,416,8,52,115,373,311
6k--26-_jpg.rf.f0e2ab45b73e913bad093d7c3263f695.jpg,416,416,6,68,97,344,354
7k--67-_jpg.rf.f411cc33f5e7fbd6e65beb4dc4b31687.jpg,416,416,7,50,113,301,363
7k--230-_jpg.rf.f3bf2775318b4bd467c525b982b178f4.jpg,416,416,7,133,96,349,321
8P--17-_jpg.rf.f6348fb2f17201694674d3d148946b85.jpg,416,416,8,72,43,305,354
9P--4-_jpg.rf.f46306a51bbffc5dbc8fd13e3144e9fd.jpg,416,416,9,62,52,368,391
8P--18-_jpg.rf.f6b5b72c65bab529b3a063c4df299c8b.jpg,416,416,8,110,105,309,346
6k--45-_jpg.rf.fa34c2eb56061f62a17c596d377029e4.jpg,416,416,6,128,73,338,356
8P--41-_jpg.rf.f8222a24ed4dfe7032f0b846b7ca8d53.jpg,416,416,8,70,112,368,316
46--8-_jpg.rf.fbd94b4a631bc2c56c91d4f710220712.jpg,416,416,6,113,96,309,310
8P--58-_jpg.rf.fbdcc3f5f38d704fd983cae26e6ff405.jpg,416,416,8,109,83,339,341
9P--76-_jpg.rf.fee3ecfa82e0f147264035d19a357ee0.jpg,416,416,9,39,68,284,356
8P--36-_jpg.rf.fd30bb7db4fa9e76079b220c39ba9a74.jpg,416,416,8,101,76,345,325
28--6-_jpg.rf.fa807c16ae3bb7569f2d6a89daa6bec4.jpg,416,416,7,141,99,392,346
7k--9-_jpg.rf.fcc210d87d23badd8adb283e3b041320.jpg,416,416,7,59,104,364,319
8P--37-_jpg.rf.fe60be52bf50f28afd32556c87e5159d.jpg,416,416,8,109,44,368,345
8P--23-_jpg.rf.10c714d0ac656b72d5e35c7bf36087de.jpg,416,416,8,83,65,309,332
6k--74-_jpg.rf.023cde4ff60d4ababb9ace821e338e34.jpg,416,416,6,109,66,371,390
7k--162-_jpg.rf.0cfbdb8b3408b0af43a51f329f072119.jpg,416,416,7,87,40,339,345
510--10-_jpg.rf.02c0fbaab1101ded62b2f2cacd98c94a.jpg,416,416,7,72,106,364,305
7k--295-_jpg.rf.0e96567dc0ea1563b95bcb5e61dee9db.jpg,416,416,7,95,52,324,347
7k--311-_jpg.rf.07ec5bee6c2d3f18ec3da11ac42cd2ee.jpg,416,416,7,52,102,352,287
6k--95-_jpg.rf.0e9a0ff084bab63583d77b6d985e495e.jpg,416,416,6,38,103,334,310
8P--30-_jpg.rf.0ebc8380497fb7a1d30c9ffa9b673763.jpg,416,416,8,98,99,306,356
49--2-_jpg.rf.07eeb2fe1a28f381c2d45d3462624b16.jpg,416,416,7,117,94,351,350
9P--61-_jpg.rf.11bbd973c2570d1fa323293dd899155b.jpg,416,416,9,86,62,336,352
6k--11-_jpg.rf.05b2fe8237f5dc11413a5ea4ad4ee081.jpg,416,416,6,95,159,356,365
8P--15-_jpg.rf.05b98d9d4fa0a87509a35da00ff043ba.jpg,416,416,8,95,79,340,348
8P--3-_jpg.rf.09761d40362408b72fac908b6e0d03ec.jpg,416,416,8,43,71,355,252
8P--69-_jpg.rf.0be5329a772bab4fbf597f5c97c53fc9.jpg,416,416,8,58,68,323,361
9P--14-_jpg.rf.0c8c8f31acd0ceb8e5c43e48fd9e0424.jpg,416,416,9,48,107,370,332
7k--16-_jpg.rf.0750385956ad834f02b67d9574dd1b9e.jpg,416,416,7,111,64,325,327
410--2-_jpg.rf.087e313c205450ae076ea63585dcc583.jpg,416,416,6,93,105,321,288
9P--28-_jpg.rf.041d72c2493295a03d14237b2d90891e.jpg,416,416,9,51,56,311,322
9P--34-_jpg.rf.011626cb12ca8d442bd015735d77b7cc.jpg,416,416,9,41,51,362,380
8P--49-_jpg.rf.09c8b4e9e7f3bcd025ad691875d58e54.jpg,416,416,8,54,116,365,309
8P--65-_jpg.rf.12a8c369d192feea4229fdfdfe80c85f.jpg,416,416,8,105,116,332,371
9P--67-_jpg.rf.12e17a75cf29b1bf850a1bf87d6aec87.jpg,416,416,9,86,81,298,362
28--7-_jpg.rf.12dcdf0b0f66f68521af4f4777c31e0d.jpg,416,416,7,90,74,334,378
9P--49-_jpg.rf.0edbe1e7792f50a622f3f18f1e859564.jpg,416,416,9,101,99,385,285
9P--23-_jpg.rf.0c9b2f551d775ffcfa673887474915ce.jpg,416,416,9,13,72,266,278
9P--38-_jpg.rf.11fd4859bc84300c29e25a83363cbe29.jpg,416,416,9,21,95,366,348
9P--22-_jpg.rf.0ef9bca14b274f2d6d8d525a5073174e.jpg,416,416,9,73,93,378,366
9P--58-_jpg.rf.13120df625a1559358cb60894acf43c4.jpg,416,416,9,27,65,396,362
9P--10-_jpg.rf.0ad6ecc610dcfbb17af01589b3fe145c.jpg,416,416,9,130,101,364,375
6k--42-_jpg.rf.13d9f751fdea25309714f0458a9eade1.jpg,416,416,6,119,72,290,336
9P--45-_jpg.rf.12ffb4aacad0c792baeefe16d083b698.jpg,416,416,9,56,176,355,374
9P--24-_jpg.rf.17fbb25c7a8723096018ae64be0bb856.jpg,416,416,9,56,75,351,318
8P--28-_jpg.rf.18abde2e1f9384175e03210ba80c1330.jpg,416,416,8,90,74,311,356
7k--290-_jpg.rf.1907b6b70597ab1f26628c2af702d832.jpg,416,416,7,107,103,315,370
6k--79-_jpg.rf.1ae4f3acaa53cfaaa3b015fa5bb7e005.jpg,416,416,6,113,29,366,368
7k--309-_jpg.rf.1a74e3164be704c8c7abaec6f79447ba.jpg,416,416,7,98,118,348,298
9P--31-_jpg.rf.1b62145fb7b39967499acfa6d4305bef.jpg,416,416,9,115,77,362,371
7k--231-_jpg.rf.196cb09dbe4d117e7577d4c615a1d625.jpg,416,416,7,140,88,372,315
9P--57-_jpg.rf.1f80240354e958b7f99fdd5a18ace7dd.jpg,416,416,9,44,145,335,407
9P--74-_jpg.rf.20a9366a1bcc48b62c1066c258856991.jpg,416,416,9,77,69,357,391
7k--294-_jpg.rf.21a095cecf65e338882ff1ec8ce7d29e.jpg,416,416,7,104,50,325,339
69--6-_jpg.rf.214f2c0293e82576dc693eae57470581.jpg,416,416,6,77,123,326,294
8P--24-_jpg.rf.22544d05c3e9c6bee3d4535dcf0e620f.jpg,416,416,8,95,73,280,336
6k--93-_jpg.rf.225b8e8ce5e57facbf5b989c89bc8365.jpg,416,416,6,40,59,317,369
8P--72-_jpg.rf.22c0f3b062799cb8f9e4c1ece3942d54.jpg,416,416,8,69,48,407,270
6k--77-_jpg.rf.2311270078875ffc397b46803be93c2c.jpg,416,416,6,68,52,358,389
44--5-_jpg.rf.23ffc94d25722963c38f2fbd0dbd4ebc.jpg,416,416,6,56,109,303,367
42--6-_jpg.rf.25ac20ba94e1fef5742dbd2c09516900.jpg,416,416,6,67,105,340,320
9P--13-_jpg.rf.26bd879abd2905704429dcdfeb08c18c.jpg,416,416,9,47,127,377,362
6k--9-_jpg.rf.251eab0fd71db403546dfa61da644b15.jpg,416,416,6,28,101,384,399
9P--6-_jpg.rf.244b41068dc1fcece5c3d6f12e328ab9.jpg,416,416,9,110,61,354,365
6k--43-_jpg.rf.28d8e649b2c1fd28877fcbb77907a73d.jpg,416,416,6,161,127,327,355
69--7-_jpg.rf.285b47a3e8dfa92d3d247e02c786d112.jpg,416,416,6,76,121,323,309
9P--72-_jpg.rf.1f4a9d6de73eff54ee973326c914582f.jpg,416,416,9,61,66,351,351
46--10-_jpg.rf.2ca4761e9f17b0a969a04256851f0094.jpg,416,416,6,97,127,338,333
8P--10-_jpg.rf.2b97dbb681f7443372b660ff80f19ed3.jpg,416,416,8,98,122,335,286
6k--61-_jpg.rf.2d5f0e9308bede74735686110b8c0c4f.jpg,416,416,6,74,54,305,354
6k--73-_jpg.rf.2d67eee171aa7b2b02d51776417ef48f.jpg,416,416,6,80,61,337,399
7k--10-_jpg.rf.29509a11d21feead0b34ebb2d39c12ab.jpg,416,416,7,86,102,373,284
8P--76-_jpg.rf.2f2119789b16e3be1187d47a07c9da45.jpg,416,416,8,95,124,384,326
7k--165-_jpg.rf.2e63b894a3cbcb24d8cc1a9e1467c905.jpg,416,416,7,130,107,334,357
9P--73-_jpg.rf.2a02ea34179be222a832ff3371109e3e.jpg,416,416,9,86,63,307,341
8P--67-_jpg.rf.2d7c0991ea9ec69e856671f45ac698ad.jpg,416,416,8,58,71,415,403
44--4-_jpg.rf.2ee8de10b4df0284ef4560ebb3eae34b.jpg,416,416,6,71,105,328,373
7k--168-_jpg.rf.2fa91596af507acf42970cda3ccf0f93.jpg,416,416,7,97,65,350,341
43--9-_jpg.rf.3070ccf83943e89ee8842e34f0be11a4.jpg,416,416,6,114,77,322,329
9P--29-_jpg.rf.300b4021a20097eb908e44ecd03e1c4f.jpg,416,416,9,77,0,359,402
7k--71-_jpg.rf.32366970e80105b2fa66d224b9c07c0c.jpg,416,416,7,34,92,292,380
9P--43-_jpg.rf.3251f4ac9d2a21bcc98a5f6769e900a7.jpg,416,416,9,73,99,370,416
7k--227-_jpg.rf.31a1de73a7535770d7f8da3c1b853a82.jpg,416,416,7,63,106,362,294
9P--51-_jpg.rf.3095d4ffd4e63fc4ee3d1c114fef8f54.jpg,416,416,9,125,99,342,333
8P--6-_jpg.rf.32fab00f701bf80c73d4d6ca95e3b181.jpg,416,416,8,59,108,345,279
8P--8-_jpg.rf.349541566e78f0c88d5f8e29092a5884.jpg,416,416,8,76,89,294,342
9P--5-_jpg.rf.34679e4c88d1cb32b0fd05c82760619a.jpg,416,416,9,67,0,354,388
8P--42-_jpg.rf.3627d5a02cb1a9715daeec248041f655.jpg,416,416,8,62,127,367,309
28--8-_jpg.rf.309b6e57776e3ef206bb160af3ad01b9.jpg,416,416,7,45,72,357,350
48--2-_jpg.rf.359941d6090c8bb897457b2b8b00501b.jpg,416,416,6,112,99,329,353
9P--71-_jpg.rf.3267aaf4770a4aa47d40cecfda57f3a6.jpg,416,416,9,83,67,314,347
8P--11-_jpg.rf.32df7259238938016492d8d8ec1f98e7.jpg,416,416,8,78,96,331,297
49--3-_jpg.rf.375d2c412c7f9b74c9cdc3d80961924c.jpg,416,416,7,180,78,386,333
6k--27-_jpg.rf.35404ee9cc6fbd984a3c173a0e71a0af.jpg,416,416,6,94,98,322,322
7k--226-_jpg.rf.3c1d9482f8f45a3681353568d9ab3425.jpg,416,416,7,71,90,324,269
55--10-_jpg.rf.3985c1d0b08c84f6938fb445cb3d09bd.jpg,416,416,7,96,90,350,362
9P--3-_jpg.rf.3c2d6c11e3c308cc1be0c1c28b786ec9.jpg,416,416,9,81,79,363,351
9P--35-_jpg.rf.393edf412d794ae5bf84dac31c18674e.jpg,416,416,9,39,39,317,388
44--6-_jpg.rf.3ca386560a1db24cf7184e23d7b20246.jpg,416,416,6,58,98,293,344
6k--63-_jpg.rf.3a023c78faa7315d3948dc85f6ef5fff.jpg,416,416,6,93,66,337,364
9P--46-_jpg.rf.3efc6758154cd34ae9d95e3982e58eb5.jpg,416,416,9,30,98,342,297
8P--1-_jpg.rf.3680651acab38551bf88404b072271d0.jpg,416,416,8,84,112,319,278
8P--38-_jpg.rf.3ce561d64907abce8c36270d259687da.jpg,416,416,8,118,60,352,343
8P--27-_jpg.rf.3b0236f225964e14c7a26f8497396986.jpg,416,416,8,87,78,312,366
9P--54-_jpg.rf.3b96bacc25295fe7464fc87c1f8fe2e7.jpg,416,416,9,87,67,367,376
69--5-_jpg.rf.4080ce24e8e2c5eae11590f58661589f.jpg,416,416,6,97,129,324,270
7k--307-_jpg.rf.41d35b8381685a53222980f7ef943cac.jpg,416,416,7,69,87,332,282
9P--16-_jpg.rf.3fe13b0b628b436475f6db9104b97fd9.jpg,416,416,9,45,124,382,376
7k--232-_jpg.rf.3a2b27e4941da5be849702d3cd94eeaa.jpg,416,416,7,20,75,352,292
610--1-_jpg.rf.421b9b0c52f752a82607983c8f729a97.jpg,416,416,7,37,103,397,333
6k--75-_jpg.rf.42aa04547265d5890c7b5a05b509386c.jpg,416,416,6,83,39,356,383
8P--47-_jpg.rf.4382cba85a4b28f6c26091ed8213f91f.jpg,416,416,8,56,110,349,300
44--3-_jpg.rf.43572c9da53e49715caa46ccd55d712c.jpg,416,416,6,96,107,327,343
9P--70-_jpg.rf.43b972bcb0d646ff7e74ba55b75af57b.jpg,416,416,9,82,70,310,337
9P--33-_jpg.rf.44c51157f4efe32e5551cdc659d943b0.jpg,416,416,9,60,34,374,415
9P--17-_jpg.rf.45e6bb747a9684ad56c4faf4103189f8.jpg,416,416,9,81,125,393,359
8P--46-_jpg.rf.478d78f5a36ebe987c362212e080a5df.jpg,416,416,8,67,111,325,300
55--5-_jpg.rf.45aa4326b506e07438d3e7b17b2235db.jpg,416,416,7,70,84,347,353
6k--13-_jpg.rf.47db8c03884b63f6b6f5340e249696fc.jpg,416,416,6,71,111,376,313
47--7-_jpg.rf.471ab86004d792281616cef3f3b49363.jpg,416,416,7,34,82,354,298
8P--40-_jpg.rf.48d97e65bd94f8c8db77766d35034074.jpg,416,416,8,60,119,363,301
55--8-_jpg.rf.4a6077b17e018f340df4c67e9f852d8f.jpg,416,416,7,65,110,354,326
7k--65-_jpg.rf.48862913dd3a67beaf678d1011b43b0a.jpg,416,416,7,65,76,302,365
610--3-_jpg.rf.4e39973cecf4bbfd78c8751e5f3fc8d9.jpg,416,416,7,39,106,311,264
9P--63-_jpg.rf.4b866e5b9a73a2989559268db64dbf03.jpg,416,416,9,88,94,334,363
6k--80-_jpg.rf.4d154b1c8278322049e22ef4dc8708a8.jpg,416,416,6,75,26,352,394
6k--94-_jpg.rf.4ea615ab6ce80b549ef9c7d1c71532e9.jpg,416,416,6,30,95,348,304
7k--305-_jpg.rf.4e62cdf840cee6714ffc507861ccd040.jpg,416,416,7,64,91,328,284
9P--62-_jpg.rf.4f79820c0ac676fd01750cf278f57193.jpg,416,416,9,86,69,351,378
8P--19-_jpg.rf.4e70b31d2870e6d2a5d4453a1887f894.jpg,416,416,8,66,84,324,369
7k--293-_jpg.rf.5364b57e481b55d1a5070f59368221a1.jpg,416,416,7,171,36,346,256
43--10-_jpg.rf.515324d7c28acb83c837f6b6ebcf68f7.jpg,416,416,6,120,98,334,321
9P--26-_jpg.rf.53b0c5f3a2a6bcd143b894eb59531c49.jpg,416,416,9,56,93,305,331
8P--54-_jpg.rf.4ebfb14c6e86cd0492daaecd0eb4522e.jpg,416,416,8,52,103,377,331
69--8-_jpg.rf.55a3470bf141275b503d489aadafb14d.jpg,416,416,6,82,107,339,308
8P--13-_jpg.rf.4f07628e7541b4ec75929bea6f52bc52.jpg,416,416,8,90,91,371,300
6k--89-_jpg.rf.5df9619bfc394010c00d505d2fbdbee6.jpg,416,416,6,35,45,340,379
6k--47-_jpg.rf.560739e86cfc01518c097ced29095a19.jpg,416,416,6,107,46,353,385
8P--70-_jpg.rf.55753dd6a03fbaebdccc973c52e9413d.jpg,416,416,8,11,56,370,367
8P--45-_jpg.rf.5e7874131700e6487ed9bdff14eb000e.jpg,416,416,8,61,109,313,280
9P--20-_jpg.rf.5ffb7610e76e0df98a5ccc14781d6e1d.jpg,416,416,9,58,79,344,378
6k--58-_jpg.rf.600ad714df80d1e9cb3323114704d645.jpg,416,416,6,89,95,306,361
9P--15-_jpg.rf.55471f53f5c017431c1db221076b174e.jpg,416,416,9,44,137,344,383
8P--26-_jpg.rf.609d36e8c806e73d988a0468dbedf20b.jpg,416,416,8,80,88,317,344
9P--52-_jpg.rf.5ed1506c83445f8bbad75471d3517797.jpg,416,416,9,60,121,379,334
8P--48-_jpg.rf.65d050380b1ba591d55122fe2670c568.jpg,416,416,8,51,112,379,321
610--2-_jpg.rf.650ed8dcbb2222c80cb7fcf4bbbdd7d2.jpg,416,416,7,13,107,388,358
9P--56-_jpg.rf.64895fee23b03611e439f30537735737.jpg,416,416,9,69,49,372,376
48--1-_jpg.rf.67a3a14fec8d2298ec3f1077b9a8bb20.jpg,416,416,6,105,89,316,347
8P--34-_jpg.rf.67ee9a4d3aabf7d7c292665bc9678ea2.jpg,416,416,8,94,73,347,347
8P--66-_jpg.rf.67bb8b51d10ff7a49e788329d6644edf.jpg,416,416,8,119,97,357,321
7k--167-_jpg.rf.6958c155d52a9f2fb3cfa81965bd1831.jpg,416,416,7,121,89,339,347
7k--166-_jpg.rf.6805127d74cd1041e4543d9770972600.jpg,416,416,7,124,103,352,350
7k--163-_jpg.rf.69ab9d6399fd844bdb91eb252e9472b3.jpg,416,416,7,130,69,334,333
9P--79-_jpg.rf.6adccf530c20dcd3ad70a4e4455c36ce.jpg,416,416,9,69,84,334,378
6k--78-_jpg.rf.6e6e48c4d04638f5c54ee92a0b3d6f92.jpg,416,416,6,82,33,362,357
6k--62-_jpg.rf.6238ca530d0c7b6e0b96a1845a59123b.jpg,416,416,6,73,69,324,371
28--5-_jpg.rf.6cac3b650f847d426a9f18d8021d84cd.jpg,416,416,7,219,125,408,312
7k--72-_jpg.rf.6c3d5f414669ef110c8d4c6f85fdd260.jpg,416,416,7,84,106,352,334
8P--39-_jpg.rf.7179a9ba44e59cda740b91781d0e4b32.jpg,416,416,8,47,99,348,309
6k--10-_jpg.rf.73475e4b7c0215419aa147789abaf0d0.jpg,416,416,6,74,142,363,355
9P--1-_jpg.rf.739a2310da6317865814b4e625a84e03.jpg,416,416,9,122,78,342,356
9P--78-_jpg.rf.74393f55e9f685b6443274805ad94ce9.jpg,416,416,9,56,44,320,354
8P--75-_jpg.rf.75f1456a10f3250e67c00d4efa3b43e8.jpg,416,416,8,53,71,362,280
8P--63-_jpg.rf.761568f0062c390b064078c49b94602f.jpg,416,416,8,126,100,317,348
8P--33-_jpg.rf.7656929438705df44454533a42ab2fa5.jpg,416,416,8,112,94,350,376
6k--41-_jpg.rf.7390d5aef48833b4d07f357332d455c6.jpg,416,416,6,107,103,295,373
42--7-_jpg.rf.7986875d7e130b15a0b2ac25e8a5968a.jpg,416,416,6,67,116,355,316
69--9-_jpg.rf.748cb967474bd35b965ce1a7026339eb.jpg,416,416,6,112,105,304,364
9P--41-_jpg.rf.7ae4d58f783eb61c789d89b5be83b319.jpg,416,416,9,204,128,393,382
9P--7-_jpg.rf.7c9fff97308e98d3f8acb6952daefb36.jpg,416,416,9,115,72,365,393
6k--12-_jpg.rf.7c3db483783b48770a6d06c4d501bdd8.jpg,416,416,6,73,120,339,286
9P--65-_jpg.rf.79a888df008e7fe253b8b5c75578035f.jpg,416,416,9,65,68,320,372
7k--164-_jpg.rf.7ccbac6a69e331e64e1bd869da9ac182.jpg,416,416,7,123,79,323,324
8P--68-_jpg.rf.7bd25519924770da7bd4c9854b4d5560.jpg,416,416,8,113,65,353,362
8P--64-_jpg.rf.7ddaaa24f74e067966975a19af13fca5.jpg,416,416,8,107,122,333,379
6k--32-_jpg.rf.7fea9fa2d890854a54d9093ab65b4325.jpg,416,416,6,127,117,313,340
9P--11-_jpg.rf.7648974883e9d96243827daaf2190b7f.jpg,416,416,9,93,83,357,343
8P--21-_jpg.rf.82bacc8945dbe2adbb70793a26a17d6c.jpg,416,416,8,101,87,346,378
8P--77-_jpg.rf.807d9c0a0ee9941ae1ff7f8d99ca876a.jpg,416,416,8,71,102,368,313
9P--69-_jpg.rf.839b210bd79869dc0125b4cc21a1da6a.jpg,416,416,9,82,86,330,344
6k--48-_jpg.rf.855b8d2314984775e02b167141d814f9.jpg,416,416,6,100,63,364,402
6k--57-_jpg.rf.84a7a81895626b6f106b3d7e8d89e2dd.jpg,416,416,6,53,69,325,342
46--6-_jpg.rf.8489fed819046fcd1438d6da6ad94b5f.jpg,416,416,6,62,79,296,357
6k--29-_jpg.rf.875274620cdaf21884e636037530c169.jpg,416,416,6,78,126,334,332
42--3-_jpg.rf.86d235a5e0b93a0273901f487ab89a8b.jpg,416,416,6,73,117,76,127
42--3-_jpg.rf.86d235a5e0b93a0273901f487ab89a8b.jpg,416,416,6,75,118,318,323
47--8-_jpg.rf.83b18640e10fe6ea5dcaffd7d8af121e.jpg,416,416,7,39,90,357,312
9P--42-_jpg.rf.878e79656d91488d619bd4508af578fc.jpg,416,416,9,90,59,366,390
7k--69-_jpg.rf.85a80cc87276dbbc20c5470d25d44645.jpg,416,416,7,48,87,302,375
9P--2-_jpg.rf.86bd5fc1ea384155983df7316c11eea3.jpg,416,416,9,74,101,403,404
7k--229-_jpg.rf.87e92253b1f097531ea2f3f66357ccb6.jpg,416,416,7,117,70,326,329
49--4-_jpg.rf.879b4cf86131e758f7abfdc2ad9c709f.jpg,416,416,7,89,74,348,348
6k--44-_jpg.rf.8a4d10bb8f22d0966b808097051dca99.jpg,416,416,6,109,81,338,341
28--9-_jpg.rf.8c0c3292560de1ddf21c753c65569613.jpg,416,416,7,42,64,331,371
8P--31-_jpg.rf.8af29ea5f07c008b8b1cac308688ed5a.jpg,416,416,8,71,109,372,296
9P--40-_jpg.rf.8e6835ca2f74d75842f1c26aeb159d07.jpg,416,416,9,35,55,391,321
6k--76-_jpg.rf.8d12fc2bb938ab5858d0a500eff3362a.jpg,416,416,6,109,56,352,381
7k--296-_jpg.rf.90fa453ae255a94a77159c4925e6fd3b.jpg,416,416,7,75,111,327,293
9P--32-_jpg.rf.91489c57d053e0e1b90441efc29db2f7.jpg,416,416,9,149,15,368,416
6k--90-_jpg.rf.913308cd17c2fa4136ee51873d045ff2.jpg,416,416,6,34,92,333,382
46--5-_jpg.rf.9038547a1acf44a4530e3436bb29d395.jpg,416,416,6,71,112,336,298
9P--66-_jpg.rf.91698c9a76d2a44364b06023c73d3b61.jpg,416,416,9,68,64,347,348
8P--12-_jpg.rf.92966513433a3720f183072ad20bbfb3.jpg,416,416,8,80,103,355,334
7k--66-_jpg.rf.9379c11eb9320919f8adcc7d03cb1c39.jpg,416,416,7,83,73,325,367
610--5-_jpg.rf.923c860168ad084a529a9a65fb8961d9.jpg,416,416,7,72,115,302,259
6k--59-_jpg.rf.93bda9fcec1262e3a8b1dfc448953554.jpg,416,416,6,59,65,297,353
8P--29-_jpg.rf.94976d7bc32adc2984049ca5da344926.jpg,416,416,8,96,66,346,342
9P--60-_jpg.rf.937baeeb52801156e88f7fa172ab8b79.jpg,416,416,9,80,45,339,416
47--9-_jpg.rf.95dd07379b3aef628818f28f395ab61c.jpg,416,416,7,41,89,351,308
7k--68-_jpg.rf.94c1ed0c981229e29a33af78c78fedab.jpg,416,416,7,64,91,288,357
7k--11-_jpg.rf.96f4e5deec10c22d26f2916d900aeb43.jpg,416,416,7,166,103,367,312
9P--21-_jpg.rf.970bafdbadd35a1247403b7a69224534.jpg,416,416,9,69,88,359,372
8P--52-_jpg.rf.96831ddac7b1f9988c65554dae733620.jpg,416,416,8,44,89,354,288
8P--80-_jpg.rf.982027ee09fc4661d4f7d98351b8ff0e.jpg,416,416,8,58,93,400,300
8P--32-_jpg.rf.98674f16de0249250bb0c5b464fe3563.jpg,416,416,8,100,88,323,347
510--9-_jpg.rf.99a8ec8d9554d38291b20373ebe19609.jpg,416,416,7,54,118,403,302
9P--75-_jpg.rf.9c7d1e412940d554bc2331d28d393b28.jpg,416,416,9,64,72,346,365
9P--37-_jpg.rf.9a8d8abd406d4044d10005bf327ffded.jpg,416,416,9,27,98,386,341
7k--14-_jpg.rf.980239e4d4227f72acfa39bdec78c1ee.jpg,416,416,7,107,48,324,320
9P--48-_jpg.rf.9d356e0e53490097541427812ff96a9e.jpg,416,416,9,118,55,312,340
47--10-_jpg.rf.9d620f7cbe8f2d1ae885d98b3bd434af.jpg,416,416,7,99,84,314,360
9P--36-_jpg.rf.9a63e1e947db02e3f51f4dbd7cee3749.jpg,416,416,9,56,4,348,413
6k--91-_jpg.rf.9f9c7e81376152b0c70a22aedd6efa2b.jpg,416,416,6,109,97,353,386
8P--61-_jpg.rf.9e0ce1ae59bfe7eb0bf45dd60b1c9774.jpg,416,416,8,110,42,333,337
7k--312-_jpg.rf.9dc87b235eca9454d8c7c0308e629ea5.jpg,416,416,7,57,91,330,289
9P--27-_jpg.rf.a26a2087b9f673b0cda59c98cb631c08.jpg,416,416,9,35,77,314,331
42--5-_jpg.rf.a2be3bb1b7d1b71adad63837e4e39543.jpg,416,416,6,54,111,325,291
8P--53-_jpg.rf.a180a2a86462aab21716bad3e264ead8.jpg,416,416,8,42,93,374,324
8P--7-_jpg.rf.a3f9a13015926202a803250f3699b422.jpg,416,416,8,87,76,332,369
8P--25-_jpg.rf.a3f06a26ab544e666cd5d221de78083f.jpg,416,416,8,86,84,311,352
7k--308-_jpg.rf.a2d94eb6e7e349e7328034ad3b3a11fc.jpg,416,416,7,77,111,323,321
6k--64-_jpg.rf.a3fa1e569339665e01308395fbbba3d7.jpg,416,416,6,68,72,371,296
42--9-_jpg.rf.9b7ce6376411747c042cd598dc314abb.jpg,416,416,6,48,135,365,306
8P--78-_jpg.rf.a4965e20b60f0e896e2aed6efe90fe45.jpg,416,416,8,60,73,378,317
9P--59-_jpg.rf.a59d25dfbe3dbed6ef51aecfae1a7d80.jpg,416,416,9,86,30,362,378
8P--2-_jpg.rf.a27e152cf2e2e5edeca8062316174960.jpg,416,416,8,57,88,345,292
8P--35-_jpg.rf.a6151dc7787c75dfab1400e2e3825467.jpg,416,416,8,109,86,361,327
46--7-_jpg.rf.a7cfd86ce6b8139b637ba73b3443aac1.jpg,416,416,6,123,98,321,319
8P--73-_jpg.rf.ab8f7d97fd727773be27fee13ec76ed4.jpg,416,416,8,60,56,371,259
6k--25-_jpg.rf.ab1b2f7c282edad2c69785ee76d0aaaf.jpg,416,416,6,68,78,356,329
7k--291-_jpg.rf.b088e18c2f40c297171bebd12b2edf0f.jpg,416,416,7,94,86,387,392
8P--22-_jpg.rf.ac3dc79b7c7aba1ee3bf9127d813206c.jpg,416,416,8,83,87,299,375
9P--64-_jpg.rf.afa6ae08c5d0dfe758d015cdacfa4556.jpg,416,416,9,75,74,321,354
8P--20-_jpg.rf.b14baadc998b31194796a8738b52ba91.jpg,416,416,8,92,68,328,358
6k--15-_jpg.rf.b4f52a79ffaf2f5043294122bb44409c.jpg,416,416,6,103,122,327,309
58--2-_jpg.rf.b0286c08b05daabe00fe45f4c0b39935.jpg,416,416,7,48,117,399,348
42--8-_jpg.rf.b020abe1bd4e3340897765e7e9ae481e.jpg,416,416,6,71,103,340,287
7k--292-_jpg.rf.c026be65d3bb6189b3ae8f6e110c40f5.jpg,416,416,7,78,83,338,336
7k--12-_jpg.rf.bc74080c9db0c4ecd4113689bc2b608f.jpg,416,416,7,128,78,341,341
6k--46-_jpg.rf.c02898356a23a44ee9dd24e90ffc9339.jpg,416,416,6,116,59,349,375
6k--31-_jpg.rf.b6c8cd2479872a89627da7b720cc84a2.jpg,416,416,6,119,108,307,363
610--4-_jpg.rf.b7586fbd40b852d06a11ff280714bd09.jpg,416,416,7,79,121,371,314
7k--15-_jpg.rf.c17c20e4dd3e81e09421ce589a092df2.jpg,416,416,7,126,57,339,329
9P--12-_jpg.rf.c206e3eb3e4ab6e8192e542b9e42c12a.jpg,416,416,9,80,110,390,334
7k--70-_jpg.rf.c1b8347509e32bb9963ea6c5ce236e29.jpg,416,416,7,62,74,344,364
9P--25-_jpg.rf.bd3bbf4d5d6d9adae7f96a954efb99c2.jpg,416,416,9,75,86,338,298
9P--9-_jpg.rf.c421f643f46eb7b86109b1cbd5b4cdaa.jpg,416,416,9,106,71,377,346
9P--44-_jpg.rf.c0537cba80b1cc93e83ca6cdb923d9b5.jpg,416,416,9,36,80,351,344
9P--68-_jpg.rf.c1b5f9cf8c1db5bb1300812c76be0c32.jpg,416,416,9,90,100,325,365
6k--60-_jpg.rf.c263c39185988086a0dbb902ecfe2756.jpg,416,416,6,60,70,310,376
8P--4-_jpg.rf.c26aa5483d10397aec33bf9c27b13a2d.jpg,416,416,8,71,99,328,260
6k--28-_jpg.rf.c276ae68b4562b8dd252151f57bf5ba5.jpg,416,416,6,80,129,305,311
28--11-_jpg.rf.c4860ec016964edc05fa311636eb52be.jpg,416,416,7,78,62,309,374